{"cameraMode":{"drawMode":0,"name":"Shaded","section":"Shading Mode"},"sceneLighting":true,"audioPlay":false,"sceneViewState":{"m_AlwaysRefresh":false,"showFog":true,"showSkybox":true,"showFlares":true,"showImageEffects":true,"showParticleSystems":true,"showVisualEffectGraphs":true,"m_FxEnabled":true},"in2DMode":false,"pivot":{"x":13.395170211791993,"y":11.217933654785157,"z":44.02871322631836},"rotation":{"x":0.05693191662430763,"y":0.5970919728279114,"z":-0.042513974010944369,"w":0.7990919351577759},"size":17.300491333007814,"orthographic":false}